predicted_species,n_candidates,mean_birdnet_score,mean_p_primary,median_p_primary,expected_correct_primary,mean_p_primary_m2,expected_correct_primary_m2,mean_p_audio_only,expected_correct_audio_only,species_validation_n,species_confirmation_rate,expected_difference_m2_minus_m3
Rose-ringed Parakeet,12718,0.76347159949599,0.9782095999458741,0.9925281074468223,12440.869692111626,0.6681002952236753,8496.899554654703,0.9718546687780584,12360.047677519346,38,1,-3943.970137456923
Eurasian Jackdaw,10811,0.7429725975709925,0.9399994710916159,0.9714983613597804,10162.334281971458,0.6367262039724837,6883.646991146521,0.9346934391941704,10104.970771128175,42,0.9523809523809523,-3278.687290824937
Eurasian Wren,9435,0.6493281244621092,0.8378104772452268,0.8505744821484231,7904.741852808715,0.5084621506413659,4797.340391301288,0.829856296349353,7829.694156056145,34,0.9117647058823529,-3107.4014615074266
Eurasian Blue Tit,4529,0.623098847189225,0.8875841763876323,0.8944147049051702,4019.8687348595868,0.47162057311772354,2135.9695756501696,0.8743085791276524,3959.743554869138,32,0.96875,-1883.8991592094171
European Robin,2685,0.6518868306331471,0.8447323259596315,0.8577744270988675,2268.1062952016105,0.512113655615525,1375.0251653276848,0.8379729578443211,2249.9573918120022,32,0.90625,-893.0811298739256
Ring-necked Pheasant,4271,0.8677613110793725,0.9756396965432877,0.9988401186517635,4166.957143936382,0.8168924566379231,3488.9476823005693,0.9727638943467753,4154.674592755077,36,0.9722222222222222,-678.0094616358124
Eurasian Green Woodpecker,1685,0.7255667177744807,0.9503411669143048,0.9734435882105208,1601.3248662506037,0.6122753261527503,1031.683924567384,0.9436201169043523,1589.9998969838337,36,0.9722222222222222,-569.6409416832196
Red-billed Chough,1239,0.6200216240516545,0.007807751227911011,0.0012704323715055576,9.673803771381744,0.4442243730877494,550.3939982557216,0.5132204363127585,635.8801205915078,40,0,540.7201944843399
Great Bittern,844,0.6426966704383886,0.04090245337623853,0.012649081754512959,34.52167064954532,0.49783741048541014,420.17477444968614,0.07723651170235818,65.1876158767903,2,0,385.6531038001408
Carrion Crow,553,0.5731808960578662,0.8493505372270852,0.8498187155597269,469.6908470865781,0.3726221321024979,206.06003905268133,0.8140460763455979,450.16748021911565,4,1,-263.63080803389676
Little Owl,509,0.5826320107072691,0.7820733086937142,0.7703601423611491,398.07531412510053,0.3950104525423662,201.06032034406442,0.741177465325579,377.2593298507198,3,1,-197.0149937810361
Great Tit,478,0.5857431427196653,0.8193999389653439,0.8208120592651824,391.6731708254344,0.4181221937710701,199.8624086225715,0.7752206549003228,370.5554730423543,3,1,-191.8107622028629
Long-tailed Tit,615,0.6599891941951219,0.826343173065924,0.8465560058235513,508.20105143554326,0.5200658705462813,319.84051038596294,0.7983766334865449,491.00162959422505,4,1,-188.36054104958032
Tawny Owl,1505,0.7035269571627907,0.7029988594578357,0.7336414004627861,1058.0132834840426,0.5787318161930273,870.9913833705061,0.7001424069624959,1053.7143224785561,36,0.75,-187.0219001135365
Coal Tit,412,0.6137665602184466,0.851819583204568,0.8524740346239499,350.94966828028197,0.45961067229691716,189.35959698632985,0.8377578591494627,345.1562379695786,10,0.9,-161.59007129395212
Eurasian Blackcap,323,0.5802503447987616,0.9139105866734184,0.9114781615914468,295.19311949551417,0.41448756663075326,133.8794840217333,0.8912678157149906,287.879504475942,10,1,-161.31363547378086
Rook,394,0.5981972452284264,0.8412939506044294,0.8391487829584301,331.4698165381452,0.43453420533840403,171.20647690333118,0.8264992384978325,325.640699968146,10,0.9,-160.26333963481403
Great Spotted Woodpecker,465,0.6585981661935484,0.8283683339624343,0.8441772262394807,385.19127529253194,0.5202245855833945,241.90443229627843,0.801634742044779,372.7601550508223,5,1,-143.2868429962535
Eurasian Treecreeper,567,0.5902283946031746,0.20477835136293868,0.11778902926160342,116.10932522278623,0.4273417233071443,242.30275711515085,0.2761200198489693,156.5600512543656,1,0,126.19343189236463
Eurasian Eagle-Owl,335,0.6110857105970149,0.10667045879978232,0.06254518219655078,35.73460369792708,0.42218106597397964,141.43065710128317,0.15572776464394186,52.16880115572052,4,0,105.6960534033561
Eurasian Blackbird,465,0.5788403797849463,0.6099765508083993,0.5725091738189432,283.63909612590567,0.4102795120853548,190.77997311969,0.5841857485316617,271.6463730672227,1,1,-92.85912300621567
Eurasian Wryneck,1426,0.6355896567110799,0.40638820487723853,0.3199228170193228,579.5095801549422,0.46956569202997334,669.600676834742,0.4044409556466927,576.7328027521837,37,0.5675675675675675,90.09109667979976
Common Buzzard,563,0.6795543195737123,0.698352363208226,0.6959804889048222,393.17238048623125,0.5449666825599472,306.8162422812503,0.6886338017186792,387.7008303676164,5,0.8,-86.35613820498094
Eurasian Magpie,486,0.6597113547736626,0.3606333105425686,0.21968374933778295,175.26778892368833,0.5078017089591196,246.79163055413213,0.3895854351267473,189.3385214715992,4,0.75,71.5238416304438
Wood Lark,424,0.5743791156603774,0.5686962009146367,0.5289686584022746,241.12718918780593,0.4037206674669363,171.177563005981,0.5459313022141941,231.47487213881828,2,1,-69.94962618182493
Dunnock,1045,0.6835422459808612,0.6161939560475262,0.5966274723341585,643.9226840696649,0.5543644016980596,579.3107997744723,0.6199394387614213,647.8367135056853,5,0.8,-64.61188429519257
Mistle Thrush,580,0.6256544357068966,0.3629540240696698,0.2515946451213241,210.5133339604085,0.470861579483208,273.09971610026065,0.3810343008814429,220.99989451123687,4,0.75,62.58638213985216
Western Capercaillie,144,0.5824093251388889,0.03246702811716931,0.011333659492538516,4.67525204887238,0.41828395215848924,60.23288911082245,0.46680200346335526,67.21948849872315,10,0,55.55763706195007
Eurasian Bullfinch,132,0.6086706828030303,0.8671004890116861,0.8689270173761343,114.45726454954257,0.45479833799709973,60.03338061561716,0.8535503199686846,112.66864223586637,10,0.9,-54.42388393392541
Hooded Crow,212,0.5774665185849056,0.5885020311468778,0.5650242049341747,124.7624306031381,0.3367752320119548,71.39634918653441,0.5669562204384291,120.19471873294695,3,0.6666666666666666,-53.36608141660369
Black Woodpecker,155,0.5599899529677419,0.030538844095882665,0.018826524335448867,4.733520834861813,0.3596114465125776,55.73977420944953,0.41666716152139044,64.58341003581552,10,0,51.006253374587715
Common Firecrest,269,0.549629515724907,0.1984265077896859,0.14848992409756204,53.37673059542551,0.3693216678008656,99.34752863843286,0.2115054236857419,56.894958971464575,10,0.2,45.970798043007356
Gray-headed Woodpecker,124,0.5884823752419355,0.02379903200118209,0.011298800594981636,2.951079968146579,0.3926544240635241,48.689148583876985,0.4605457237783175,57.10766974851137,10,0,45.738068615730405
Common Chiffchaff,118,0.6742617568644068,0.8992316122498127,0.9294135700723662,106.1093302454779,0.5418763852572137,63.94141346035122,0.889828559228291,104.99976998893833,10,0.9,-42.167916785126685
Long-eared Owl,155,0.5676659035483871,0.0684328694677648,0.03816611433494063,10.607094767503545,0.3381009529172148,52.405647702168295,0.10443519339829732,16.187454976736085,1,0,41.79855293466475
Eurasian Three-toed Woodpecker,99,0.5777589107070707,0.018843045499270652,0.008040381802390915,1.8654615044277945,0.40326043669532513,39.92278323283719,0.45601522907966163,45.1455076788865,6,0,38.0573217284094
Manx Shearwater,72,0.5633012056944444,0.05063239182208262,0.030221206903300095,3.645532211189949,0.39027944762729827,28.100120229165473,0.07751594393683862,5.581147963452381,6,0,24.454588017975524
Common Sandpiper,195,0.6173427296410257,0.34076338844941784,0.23487722596872584,66.44886074763649,0.46120177213815683,89.93434556694058,0.36578007439143956,71.32711450633072,3,0.3333333333333333,23.48548481930409
Ural Owl,61,0.5707346478688524,0.027623815343383543,0.010409914508764063,1.685052735946396,0.38640335138027654,23.570604434196866,0.438681980423378,26.759600805826057,6,0,21.88555169825047
European Goldfinch,91,0.6065874071428572,0.6889037352979381,0.6751238667821918,62.69023991211237,0.4484497301116494,40.808925440160095,0.6608819147770433,60.14025424471094,1,1,-21.881314471952273
Atlantic Puffin,87,0.5888422544827586,0.1728043650657544,0.11536642088009785,15.033979760720632,0.42390987117977164,36.88015879264013,0.24441603714127597,21.26419523129101,1,0,21.846179031919498
European Serin,62,0.5928243772580645,0.1057247835082917,0.04460551019899889,6.554936577514085,0.4322721230767992,26.80087163076155,0.1329577735464461,8.24338195987966,6,0.16666666666666666,20.245935053247464
European Greenfinch,68,0.6201735325,0.19335240889918717,0.1032098675169682,13.147963805144729,0.4665279738927681,31.723902224708233,0.26285987496428076,17.87447149757109,1,0,18.575938419563506
Graylag Goose,91,0.6557192713186814,0.7057843411192528,0.7184084283912511,64.22637504185201,0.5025603376582511,45.73299072690086,0.6979713380408281,63.51539176171536,6,0.8333333333333334,-18.49338431495115
Marsh Tit,64,0.55107853703125,0.09194297374135052,0.05782510278676195,5.884350319446433,0.37806229139068087,24.195986649003576,0.13888857351099856,8.888868704703908,1,0,18.311636329557142
Eurasian Nuthatch,218,0.6346861498623854,0.5569047250179932,0.5004021551876261,121.40523005392251,0.4880335785066827,106.39132011445683,0.5610882115300161,122.31723011354352,10,0.5,-15.013909939465677
Eurasian Scops-Owl,68,0.5915724061764706,0.21561367017196675,0.1495074917840577,14.661729571693739,0.42800949183824083,29.104645445000376,0.23350565597848674,15.878384606537098,6,0.3333333333333333,14.442915873306637
Cirl Bunting,54,0.5976647292592593,0.18221814839926534,0.1264996096232603,9.839780013560329,0.4337355242310788,23.42171830847826,0.20577142370273055,11.11165687994745,6,0.16666666666666666,13.58193829491793
Canada Goose,61,0.6360965801639344,0.2681018648456563,0.13213862296051793,16.354213755585032,0.48911418063436934,29.835965018696527,0.34769565726675705,21.20943509327218,1,0,13.481751263111494
Redwing,43,0.6159791853488372,0.7548124315552791,0.7775859885185903,32.456934556877,0.4655600861057319,20.01908370254647,0.7396531492201437,31.805085416466177,6,0.8333333333333334,-12.43785085433053
Northern Goshawk,38,0.5639965523684211,0.6891146264614724,0.6899416739287765,26.18635580553595,0.3697530794662368,14.050617019717,0.6403765162306708,24.334307616765493,1,1,-12.13573878581895
Common Wood-Pigeon,62,0.5687710851612903,0.5717457748433986,0.5423235358709593,35.44823804029071,0.3925114872588204,24.335712210046868,0.5648387903507678,35.0200050017476,6,0.6666666666666666,-11.112525830243843
Eurasian Hobby,55,0.5538495709090909,0.158095147890236,0.11417040735651468,8.69523313396298,0.3599647898635241,19.798063442493824,0.17468409943070845,9.607625468688965,6,0.16666666666666666,11.102830308530844
European Honey-buzzard,40,0.5859866225,0.1487760622803924,0.08600075868504001,5.951042491215696,0.41156011975549095,16.462404790219637,0.1777470772923653,7.109883091694612,6,0.16666666666666666,10.511362299003942
Common Kingfisher,46,0.5760186508695652,0.1600398769770952,0.10567469036275784,7.36183434094638,0.3837761558139565,17.653703167442,0.2271464297722172,10.44873576952199,1,0,10.29186882649562
Northern Lapwing,48,0.5994992245833334,0.21613558087915594,0.16572959809405396,10.374507882199484,0.42797190105049093,20.542651250423564,0.23802960682578514,11.425421127637685,6,0.16666666666666666,10.16814336822408
Iberian Chiffchaff,32,0.5175466871875,0.035128303484944175,0.030125203149889937,1.1241057115182136,0.33498961126674387,10.719667560535804,0.05517276153713689,1.7655283691883805,6,0,9.59556184901759
Eurasian Curlew,86,0.5718359289534883,0.28816142655930566,0.23692619148024846,24.78188268410029,0.3992340075765215,34.33412465158085,0.2996777727139233,25.772288453397408,6,0.3333333333333333,9.552241967480562
Black-legged Kittiwake,37,0.55196563,0.14688939966857723,0.08593784983733123,5.434907787737358,0.3816837105807281,14.122297291486937,0.16492529798522937,6.102236025453487,6,0.16666666666666666,8.687389503749579
Gray Wagtail,144,0.5706080364583334,0.33528733584662096,0.2678936539024155,48.281376361913416,0.3930116902233354,56.593683392160294,0.3414345322011477,49.16657263696527,10,0.3,8.312307030246878
Lesser Spotted Woodpecker,34,0.5683668811764706,0.14493579405711182,0.09661881557279978,4.927816997941801,0.38752140592492385,13.175727801447412,0.16610967642687924,5.647728998513894,6,0.16666666666666666,8.247910803505611
Bearded Reedling,27,0.6151505188888888,0.15585774322999438,0.13725714224369653,4.208159067209849,0.4519159251153536,12.201729978114548,0.22417405857232828,6.052699581452863,1,0,7.993570910904699
Crested Tit,27,0.53116759,0.04869533807109712,0.03195238825114203,1.3147741279196221,0.339881578423756,9.17680261744141,0.38057943853733395,10.275644840508017,6,0,7.862028489521788
Common Raven,57,0.56885856,0.5338882108711214,0.4855301404812296,30.431628019653918,0.3995189827968137,22.77258201941838,0.5284654009080579,30.122527851759305,6,0.6666666666666666,-7.659046000235538
Eurasian Moorhen,20,0.556099567,0.7553803177130887,0.7406115927797584,15.107606354261774,0.37839340766422586,7.5678681532845165,0.7140664251633502,14.281328503267003,4,1,-7.539738200977258
Common Grasshopper-Warbler,121,0.588617597768595,0.3588342683579709,0.2821234816588675,43.41894647131448,0.42100697459623243,50.941843926144124,0.389600768577502,47.14169299787774,1,1,7.522897454829646
Eurasian Golden Oriole,38,0.6123987889473684,0.2723378337976584,0.22025458998906383,10.34883768431102,0.4553283045933781,17.302475574548367,0.2932916628808408,11.14508318947195,6,0.3333333333333333,6.9536378902373475
Black Kite,18,0.5900485461111111,0.6995824609845528,0.6928269131597097,12.59248429772195,0.33457739178183044,6.022393052072948,0.6778651948799004,12.201573507838207,4,0.75,-6.570091245649003
Gray Heron,18,0.5778477788888889,0.05831843629503769,0.03549298186290913,1.0497318533106783,0.4077623553805695,7.339722396850251,0.09224639815869401,1.6604351668564923,4,0,6.289990543539573
European Stonechat,13,0.5799364130769231,0.8622026655981356,0.9010201000501407,11.208634652775764,0.38291498094373017,4.977894752268492,0.8309632107136221,10.802521739277086,4,1,-6.230739900507272
Common Crane,68,0.5767369611764706,0.3144852982150275,0.2857835807264414,21.38500027862187,0.39878979774756607,27.11770624683449,0.3238778939578383,22.023696789133002,6,0.3333333333333333,5.7327059682126205
Common Murre,20,0.511003491,0.04135250462840532,0.03464816255961633,0.8270500925681064,0.32763407766411884,6.552681553282377,0.06496214618748514,1.2992429237497027,4,0,5.72563146071427
Goldcrest,82,0.5455119369512195,0.431258695106079,0.36423088558075933,35.36321299869848,0.3618658787158674,29.673002054701126,0.42814446529359285,35.107846154074615,6,0.6666666666666666,-5.690210943997354
Ring Ouzel,21,0.5455917333333333,0.11417302867848796,0.07196131796904418,2.397633602248247,0.3586245904214134,7.531116398849681,0.1323460733896768,2.7792675411832124,6,0.16666666666666666,5.1334827966014345
Little Bittern,12,0.6252927366666666,0.057870133578378995,0.023549532080730663,0.6944416029405479,0.472168638990304,5.666023667883647,0.09239019361653225,1.108682323398387,4,0,4.9715820649430995
Egyptian Goose,72,0.7312181870833333,0.5368962391591555,0.4899750714414628,38.656529219459195,0.6016492609626176,43.31874678930846,0.587615262784734,42.30829892050084,1,1,4.662217569849268
Red-throated Loon,14,0.54958503,0.05328430690472096,0.022188371637967264,0.7459802966660936,0.37942512695074737,5.311951777310464,0.0834079465993648,1.1677112523911073,4,0,4.56597148064437
Ortolan Bunting,16,0.555489845625,0.6527068974761968,0.6102180238175894,10.443310359619149,0.3691746079918615,5.906793727869784,0.6352662119482992,10.164259391172788,4,0.75,-4.536516631749365
Mandarin Duck,14,0.661854675,0.8137689699800758,0.8491837657054302,11.39276557972106,0.4899141247194893,6.858797746072851,0.7872646017755133,11.021704424857186,4,1,-4.533967833648209
Wood Warbler,21,0.5793886557142857,0.6188503268230025,0.617772464767837,12.99585686328305,0.4039415557726163,8.482772671224943,0.6060484716652513,12.727017904970277,6,0.6666666666666666,-4.513084192058107
Eurasian Pygmy-Owl,12,0.585981725,0.055593417193293075,0.028116857471327958,0.6671210063195169,0.42405785404773305,5.088694248572797,0.47549925625774175,5.705991075092901,4,0,4.42157324225328
Black-tailed Godwit,12,0.6032522133333333,0.07670429441817804,0.06952761146974727,0.9204515330181365,0.44012969778872935,5.281556373464753,0.11956086747071709,1.434730409648605,4,0,4.361104840446616
European Storm-Petrel,16,0.56201978625,0.642754794565126,0.6535589925451758,10.284076713042015,0.37971478880237086,6.075436620837934,0.6274342927884735,10.038948684615576,4,0.75,-4.208640092204082
Eurasian Collared-Dove,22,0.5446065472727273,0.5455088961051714,0.5084355203974333,12.00119571431377,0.35510553226130176,7.812321709748638,0.5370689383229448,11.815516643104784,6,0.6666666666666666,-4.188874004565132
European Turtle-Dove,14,0.63486725,0.20815987667262367,0.07925331873925265,2.914238273416731,0.48738535877709543,6.823395022879335,0.25370956856879745,3.5519339599631645,4,0.25,3.9091567494626043
Eurasian Woodcock,19,0.7743136421052632,0.8860458048410348,0.9272032790511798,16.834870291979662,0.6831798432214429,12.980417021207415,0.8709404092515762,16.54786777577995,4,1,-3.8544532707722468
Bohemian Waxwing,18,0.5780441633333333,0.20052226517006902,0.1666283085453734,3.6094007730612425,0.40850893476140127,7.353160825705223,0.224079831403349,4.033436965260282,4,0.25,3.7437600526439807
Willow Warbler,25,0.584856024,0.2765926451988628,0.18345996766894754,6.91481612997157,0.42374317792690597,10.59357944817265,0.293041782568654,7.32604456421635,6,0.3333333333333333,3.6787633182010797
Hawfinch,81,0.5824695422222222,0.46104343501608364,0.38578543104792345,37.344518236302775,0.416520184332291,33.73813493091557,0.4617431811355354,37.40119767197837,6,0.6666666666666666,-3.6063833053872045
Barn Swallow,38,0.6250568576315789,0.3766351092891231,0.2714806294005966,14.312134152986676,0.4700616387745451,17.862342273432713,0.42463852169144584,16.13626382427494,1,1,3.5502081204460367
Spotted Flycatcher,22,0.5779526700000001,0.24156432326744548,0.17088680975043197,5.3144151118838,0.40098638517490387,8.821700473847885,0.25505731959875094,5.611261031172521,6,0.3333333333333333,3.507285361964085
Razorbill,9,0.6231773288888889,0.06841352693492943,0.05138027656858386,0.6157217424143648,0.4502946075952223,4.052651468357,0.10819505790493598,0.9737555211444239,4,0,3.4369297259426355
Herring Gull,20,0.611639325,0.620304164396384,0.5753842548228407,12.40608328792768,0.4495836739123302,8.991673478246604,0.6103576687984045,12.20715337596809,4,0.75,-3.414409809681077
Yellow-browed Warbler,22,0.6193246763636363,0.6033662194368543,0.6012168151886869,13.274056827610796,0.45526117510135894,10.015745852229896,0.6015278498621663,13.23361269696766,6,0.6666666666666666,-3.2583109753808994
Water Rail,10,0.543870494,0.04841937789150316,0.038718523735233934,0.48419377891503157,0.36544864296070445,3.6544864296070445,0.07620036479680546,0.7620036479680546,4,0,3.170292650692013
Gray Partridge,37,0.5260494964864865,0.2564917462701333,0.22190463593659734,9.490194611994934,0.3405385994854189,12.5999281809605,0.26069830703768226,9.645837360394243,6,0.3333333333333333,3.1097335689655665
Eurasian Penduline-Tit,11,0.5215321763636364,0.04561269741605411,0.04226787331253107,0.5017396715765952,0.3278996412633575,3.6068960538969326,0.071931247040555,0.7912437174461049,4,0,3.105156382320337
Green Sandpiper,17,0.6063389658823529,0.2796683629776768,0.1729443830685244,4.754362170620506,0.45256607640079394,7.693623298813497,0.2996613669586516,5.094243238297077,4,0.5,2.9392611281929915
Common Greenshank,16,0.5273837125,0.5201516466957568,0.5094355110197618,8.322426347132108,0.3381595769224689,5.410553230759502,0.4906177487882435,7.849883980611896,1,1,-2.9118731163726057
Yellow-headed Parrot,8,0.596086975,0.06962674664962012,0.034988849237474307,0.557013973196961,0.4335326775159682,3.4682614201277455,0.489500338193242,3.916002705545936,4,0,2.9112474469307843
Peregrine Falcon,10,0.694868521,0.27079174247941445,0.08291362870216872,2.7079174247941444,0.561249651156039,5.61249651156039,0.31600053811276163,3.160005381127616,4,0.25,2.9045790867662453
Red Kite,168,0.7004654526785714,0.569688666274532,0.5285554083286159,95.70769593412138,0.5533652144223976,92.9653560229628,0.5806130259639845,97.54298836194938,3,0.6666666666666666,-2.742339911158581
Song Thrush,20,0.5958872445,0.30424761877897805,0.23595664552964796,6.084952375579561,0.4372416440137775,8.74483288027555,0.35801109423216454,7.160221884643291,1,1,2.65988050469599
Crested Lark,8,0.56074287,0.056281129975187465,0.03567222408766712,0.4502490398014997,0.3876975051038124,3.101580040830499,0.08861755319100821,0.7089404255280657,4,0,2.6513310010289994
Barn Owl,7,0.6488980042857143,0.8661355959476972,0.8552367735455717,6.06294917163388,0.50286886069866,3.52008202489062,0.8413068449313342,5.88914791451934,4,1,-2.54286714674326
Siberian Accentor,15,0.6602550533333333,0.675171159487374,0.7609612584150707,10.127567392310612,0.5105176539099854,7.657764808649781,0.6721516201850891,10.082274302776337,4,0.75,-2.4698025836608304
Little Ringed Plover,11,0.5813710654545454,0.18272548129249805,0.09314104239590154,2.0099802942174785,0.40545724381486753,4.460029681963543,0.2069411404502353,2.276352544952588,4,0.25,2.4500493877460645
Rock Partridge,8,0.5386960737500001,0.05745339771167765,0.04759463969931416,0.4596271816934212,0.3601407542997633,2.881126034398106,0.3983481220431721,3.186784976345377,4,0,2.4214988527046852
Common Chaffinch,5,0.532069514,0.8369189386155502,0.8293113778268834,4.184594693077751,0.35641513914724293,1.7820756957362147,0.7989980627260403,3.9949903136302014,4,1,-2.4025189973415366
Willow Tit,26,0.5960415234615385,0.5322351204087523,0.4867177939152134,13.838113130627558,0.4404222947800786,11.450979664282043,0.5295310668734475,13.767807738709635,6,0.6666666666666666,-2.3871334663455155
Black Redstart,22,0.5902412104545455,0.3198671670615703,0.2704255124259921,7.0370776753545465,0.42659020736008146,9.384984561921792,0.3332083853276237,7.330584477207722,6,0.3333333333333333,2.3479068865672454
Greater Whitethroat,8,0.54397321,0.060521164387996394,0.04629392844819645,0.48416931510397115,0.35201672273852835,2.816133781908227,0.09493777986241833,0.7595022388993466,4,0,2.331964466804256
Eurasian Oystercatcher,8,0.53669498,0.05702409209290585,0.0369895047133469,0.4561927367432468,0.34823630178077086,2.785890414246167,0.08969959602494712,0.717596768199577,4,0,2.32969767750292
Corsican Finch,7,0.55679137,0.055594890194877865,0.03306534518455141,0.389164231364145,0.38684745045530966,2.7079321531871674,0.42889660731313356,3.002276251191935,4,0,2.3187679218230226
Fieldfare,10,0.58993649,0.18015697790050428,0.09489006294256674,1.801569779005043,0.40520935840833033,4.052093584083304,0.20753520095796488,2.0753520095796487,4,0.25,2.2505238050782608
Eurasian Reed Warbler,8,0.50016844625,0.04229382781172309,0.03711304498823902,0.3383506224937847,0.31590241514418804,2.5272193211535043,0.0662644779144616,0.5301158233156928,4,0,2.1888686986597197
Red-legged Partridge,11,0.62813822,0.2854834448576888,0.1075778099685289,3.1403178934345766,0.48325566246001206,5.315812287060132,0.310444744510709,3.4148921896177993,4,0.5,2.1754943936255557
Yellow-billed Chough,7,0.5723596314285714,0.05172582010872062,0.0326972399550593,0.36208074076104435,0.35259145680099335,2.4681401976069535,0.4245534044873793,2.9718738314116555,4,0,2.1060594568459092
Hazel Grouse,6,0.5792427716666666,0.07078029223900349,0.049645980353495454,0.424681753434021,0.39690329695361093,2.381419781721666,0.45664297391229325,2.7398578434737595,4,0,1.9567380282876448
Iberian Green Woodpecker,6,0.607197745,0.06711614691470877,0.06134187545967379,0.40269688148825267,0.3838040998571069,2.3028245991426415,0.4768499226194934,2.8610995357169604,4,0,1.9001277176543887
Eurasian Siskin,33,0.6022749509090909,0.4990462229653443,0.4734996530168451,16.46852535785636,0.4425497562434308,14.604141956033216,0.5029300042572842,16.59669014049038,6,0.5,-1.8643834018231455
Green-winged Teal,7,0.5612557114285714,0.05500210931886027,0.054390980715867177,0.3850147652320219,0.31259468429866766,2.1881627900906735,0.08729845072831585,0.6110891550982109,4,0,1.8031480248586516
Spotted Crake,9,0.6106519133333334,0.24117671092858461,0.22021435661591535,2.1705903983572616,0.4317090507153945,3.8853814564385503,0.26839886239800365,2.4155897615820328,4,0.25,1.7147910580812886
Sedge Warbler,6,0.5153495583333333,0.04951689673042899,0.05115698116884029,0.29710138038257394,0.3320032299492978,1.992019379695787,0.07766653263280901,0.465999195796854,4,0,1.694917999313213
Eurasian Hoopoe,8,0.61189263625,0.22346547213298182,0.14633423788195926,1.7877237770638545,0.4345300050584852,3.4762400404678817,0.2512751498682701,2.010201198946161,4,0.25,1.6885162634040272
Red-breasted Flycatcher,8,0.60448869125,0.20198156405689538,0.20609932251315125,1.615852512455163,0.40682112026547707,3.2545689621238165,0.2277935403598705,1.822348322878964,4,0.25,1.6387164496686535
Eurasian Kestrel,25,0.8124229508,0.6801006511811453,0.9629729260761228,17.00251627952863,0.7431877136994883,18.57969284248721,0.7244644924473178,18.111612311182945,1,1,1.5771765629585772
Spectacled Warbler,11,0.5215413963636364,0.40421269409338884,0.3784672025566314,4.446339635027277,0.276001022800269,3.036011250802959,0.39369774801074486,4.330675228118193,4,0.5,-1.410328384224318
Common Waxbill,5,0.50977205,0.0476647346558774,0.048137508311601615,0.238323673279387,0.324796876045194,1.6239843802259701,0.35154819042460866,1.7577409521230434,4,0,1.3856607069465832
Corsican Nuthatch,4,0.56034228,0.05740136470700373,0.04751617470029591,0.22960545882801492,0.3827626042094494,1.5310504168377976,0.42909851590770876,1.716394063630835,4,0,1.3014449580097827
European Golden-Plover,14,0.5771332842857143,0.3185711312659513,0.2731958295659511,4.459995837723318,0.4079767556109637,5.711674578553492,0.3384516095955226,4.738322534337317,4,0.25,1.2516787408301733
Whinchat,8,0.6342810812499999,0.3361675844718906,0.21843474577328897,2.689340675775125,0.49174029680515713,3.933922374441257,0.3580483080237997,2.8643864641903978,4,0.5,1.2445816986661322
Black Grouse,3,0.64599558,0.0957513925102648,0.0755634265770867,0.28725417753079435,0.49524336834731536,1.485730105041946,0.14982281420357368,0.4494684426107211,3,0,1.1984759275111516
Eurasian Jay,428,0.6892883478271028,0.567081360184526,0.5532595081598699,242.71082215897715,0.564314863235637,241.52676146485263,0.5891889725234055,252.17288024001755,2,1,-1.1840606941245255
Eurasian Nutcracker,4,0.51318279,0.04923677866983307,0.040387372599071866,0.1969471146793323,0.3304995507966874,1.3219982031867497,0.07720646333661503,0.3088258533464601,4,0,1.1250510885074174
Rock Pigeon,22,0.5624630431818182,0.33978028217828427,0.27119261808613543,7.475166207922254,0.39083332164497353,8.598333076189418,0.34845243068627463,7.665953475098041,6,0.3333333333333333,1.1231668682671634
Pin-tailed Whydah,4,0.513136155,0.04824933575492875,0.04428368428099892,0.192997343019715,0.3290108275739808,1.3160433102959233,0.35723707161553975,1.428948286462159,4,0,1.1230459672762083
Stock Dove,14,0.6108418657142857,0.5365662993188688,0.47740210426682456,7.511928190464163,0.4571615545939305,6.400261764315027,0.5343603010617012,7.481044214863816,4,0.75,-1.111666426149136
Western Yellow Wagtail,7,0.5406039957142857,0.21092760754891304,0.15087638724902644,1.4764932528423913,0.36596712000792825,2.561769840055498,0.22966408398129767,1.6076485878690836,4,0.25,1.0852765872131067
Northern Gannet,4,0.488220195,0.04449435688132176,0.036240291143968775,0.17797742752528703,0.3034071918918197,1.2136287675672788,0.06964677782471541,0.27858711129886166,4,0,1.0356513400419918
White Wagtail,3,0.58298395,0.07408834016326804,0.06352406357771276,0.22226502048980412,0.4119831322101895,1.2359493966305686,0.116215582638368,0.34864674791510397,3,0,1.0136843761407643
White-winged Tern,2,0.74221888,0.1530591735291501,0.1530591735291501,0.3061183470583002,0.6247946765159738,1.2495893530319475,0.2387901069619776,0.4775802139239552,2,0,0.9434710059736473
Black-bellied Plover,3,0.59383008,0.06739702821677716,0.07496418677473694,0.2021910846503315,0.3766051443041866,1.1298154329125598,0.10686266597432766,0.320587997922983,3,0,0.9276243482622283
Rock Bunting,16,0.60098372,0.37203614526091827,0.28178795770858067,5.952578324174692,0.4283858207428409,6.854173131885454,0.3859553847198393,6.175286155517429,4,0.5,0.9015948077107616
Boreal Owl,191,0.6257408806282723,0.45817997011548167,0.4078331367695874,87.512374292057,0.46252632703811164,88.34252846427933,0.47771272884178606,91.24313120878114,2,1,0.830154172222322
Parrot Crossbill,3,0.50192201,0.05342126251479717,0.05082770199855934,0.1602637875443915,0.3176544274540261,0.9529632823620784,0.08356603091408858,0.25069809274226573,3,0,0.7926994948176869
Little Crake,2,0.681298325,0.1574893055493295,0.1574893055493295,0.314978611098659,0.5530175479465556,1.106035095893111,0.23980193033685016,0.4796038606737003,2,0,0.7910564847944521
Lesser Black-backed Gull,6,0.490912765,0.43700437895942984,0.4144640035729122,2.622026273756579,0.30575927358249694,1.8345556414949817,0.42730454912145976,2.5638272947287586,4,0.5,-0.7874706322615974
Corn Bunting,8,0.6158875475,0.36247444698730236,0.2709675346183601,2.899795575898419,0.45995878681256297,3.6796702945005038,0.3780782768876492,3.024626215101194,4,0.5,0.7798747186020849
Eurasian Wigeon,3,0.4907471266666667,0.05070549727549644,0.04300122583942199,0.15211649182648931,0.3053151689832158,0.9159455069496474,0.07925229014183653,0.23775687042550958,3,0,0.763829015123158
Red Crossbill,2,0.646401405,0.12020757945899349,0.12020757945899349,0.24041515891798698,0.496308122766767,0.992616245533534,0.1864369259428852,0.3728738518857704,2,0,0.7522010866155471
Greater White-fronted Goose,3,0.4848039666666667,0.04907699665866288,0.04782188768848441,0.14723098997598866,0.298589441680122,0.8957683250403661,0.07667569392955167,0.23002708178865505,3,0,0.7485373350643774
Dartford Warbler,2,0.617030835,0.7556892078174147,0.7556892078174147,1.5113784156348293,0.38253852462162663,0.7650770492432533,0.7239340049873426,1.4478680099746852,2,1,-0.7463013663915761
Mew Gull,2,0.65511924,0.1595268743344445,0.1595268743344445,0.319053748668889,0.5270167260749113,1.0540334521498227,0.24145312411752629,0.48290624823505257,2,0,0.7349797034809337
Collared Flycatcher,15,0.5825509666666667,0.3426736447959349,0.32027610980475346,5.140104671939023,0.3906368197144402,5.859552295716603,0.3537628049180377,5.306442073770565,4,0.5,0.7194476237775804
Marmora's Warbler,3,0.49964808,0.04829017514107425,0.051958437917582104,0.14487052542322273,0.2789491965028416,0.8368475895085249,0.07607653564954737,0.22822960694864214,3,0,0.6919770640853021
European Roller,2,0.60709513,0.0952741980251553,0.0952741980251553,0.1905483960503106,0.438867027215366,0.877734054430732,0.1490497330316003,0.2980994660632006,2,0,0.6871856583804214
Sardinian Warbler,2,0.582375815,0.08764633826535903,0.08764633826535903,0.17529267653071806,0.4090450416538989,0.8180900833077978,0.13700008901245583,0.27400017802491167,2,0,0.6427974067770796
Pied Avocet,3,0.6925071666666667,0.339778923511913,0.327464550043871,1.019336770535739,0.5518639047787459,1.6555917143362378,0.3790814668847239,1.1372444006541715,3,0.3333333333333333,0.6362549438004987
Horned Lark,2,0.575490295,0.08334694149501937,0.08334694149501937,0.16669388299003873,0.3989340582160478,0.7978681164320957,0.1304581103001877,0.2609162206003754,2,0,0.6311742334420569
Common Quail,3,0.6877671166666667,0.3434283264162852,0.22866376954657214,1.0302849792488555,0.5498291426811291,1.6494874280433873,0.3828901003559664,1.1486703010678991,3,0.3333333333333333,0.6192024487945318
Eurasian Linnet,4,0.564504135,0.23398139095252443,0.21525402000230115,0.9359255638100977,0.38854490434049105,1.5541796173619642,0.25356512229789796,1.0142604891915918,4,0.25,0.6182540535518665
Whooper Swan,34,0.5670298223529412,0.4184915810416881,0.328360491838549,14.228713755417395,0.4004933727802109,13.61677467452717,0.4209959615471187,14.313862692602035,6,0.5,-0.6119390808902256
Middle Spotted Woodpecker,12,0.5700871666666667,0.43999233920454506,0.40563055170306517,5.279908070454541,0.38994885263551105,4.6793862316261325,0.44163949975067146,5.299673997008058,1,1,-0.6005218388284081
Common Snipe,17,0.5693309829411765,0.36750548122048127,0.27890852640943475,6.247593180748182,0.40197885964156543,6.833640613906613,0.37535730356563823,6.38107416061585,4,0.5,0.5860474331584307
Tawny Pipit,2,0.5489779800000001,0.07552594550120567,0.07552594550120567,0.15105189100241134,0.36821810235932856,0.7364362047186571,0.11808287555020308,0.23616575110040616,2,0,0.5853843137162458
Common Cuckoo,4,0.551074425,0.2329424895797255,0.1914068020145196,0.931769958318902,0.37699976194812074,1.507999047792483,0.2518567752052872,1.0074271008211488,4,0.25,0.576229089473581
Yellowhammer,2,0.5358439349999999,0.07136638337393182,0.07136638337393182,0.14273276674786364,0.3530341239701984,0.7060682479403968,0.11153694013162634,0.22307388026325267,2,0,0.5633354811925332
Ruddy Shelduck,2,0.598178065,0.07806771738280746,0.07806771738280746,0.15613543476561492,0.3579536996317791,0.7159073992635582,0.12471390951178002,0.24942781902356004,2,0,0.5597719644979433
Small Buttonquail,2,0.532885185,0.07339100327942494,0.07339100327942494,0.14678200655884988,0.3526955065117966,0.7053910130235932,0.11450065230016257,0.22900130460032514,2,0,0.5586090064647433
Lady Amherst's Pheasant,2,0.525548385,0.06979944520316578,0.06979944520316578,0.13959889040633155,0.34304064680874924,0.6860812936174985,0.10895232567975915,0.2179046513595183,2,0,0.5464824032111669
Eurasian Crag-Martin,2,0.52153339,0.06878061473384182,0.06878061473384182,0.13756122946768365,0.3387654467331753,0.6775308934663506,0.1073357066583267,0.2146714133166534,2,0,0.539969663998667
Common Nightingale,3,0.54513689,0.5474590204397349,0.45273482148373595,1.6423770613192048,0.36955552452071366,1.108666573562141,0.5341462258695444,1.6024386776086332,3,0.6666666666666666,-0.5337104877570638
Great Reed Warbler,2,0.5162529650000001,0.06593009652761243,0.06593009652761243,0.13186019305522487,0.33154134712461336,0.6630826942492267,0.10292992770224596,0.20585985540449192,2,0,0.5312225011940018
White-winged Snowfinch,2,0.51312344,0.06530704957020718,0.06530704957020718,0.13061409914041436,0.3284178160331244,0.6568356320662488,0.3564242793409874,0.7128485586819748,2,0,0.5262215329258345
Rough-legged Hawk,2,0.51275162,0.06665910898959482,0.06665910898959482,0.13331821797918963,0.32960532539265636,0.6592106507853127,0.1039644631061141,0.2079289262122282,2,0,0.5258924328061231
Northern Fulmar,2,0.5054335,0.06321904595967107,0.06321904595967107,0.12643809191934213,0.32018941378892707,0.6403788275778541,0.09862265138245324,0.19724530276490648,2,0,0.513940735658512
Eurasian Dotterel,2,0.501974935,0.06292750154710136,0.06292750154710136,0.12585500309420272,0.3172377994452059,0.6344755988904118,0.09812065047935542,0.19624130095871084,2,0,0.5086205957962091
Western Bonelli's Warbler,2,0.50122137,0.06190057726253686,0.06190057726253686,0.12380115452507372,0.31551471777648255,0.6310294355529651,0.09654741871702507,0.19309483743405015,2,0,0.5072282810278914
Common Rosefinch,2,0.49814716,0.06096732965521971,0.06096732965521971,0.12193465931043942,0.3121458111045742,0.6242916222091484,0.09507656470319056,0.19015312940638113,2,0,0.5023569628987089
Lesser Kestrel,2,0.496857135,0.06100575244892436,0.06100575244892436,0.12201150489784872,0.3112233593138498,0.6224467186276996,0.09511420722858921,0.19022841445717842,2,0,0.5004352137298509
Great Skua,2,0.484987735,0.05781543156764563,0.05781543156764563,0.11563086313529126,0.29880804590134136,0.5976160918026827,0.09006709302799315,0.1801341860559863,2,0,0.48198522866739146
Eurasian Nightjar,2,0.47900132500000003,0.056486271259092224,0.056486271259092224,0.11297254251818445,0.29293534872815497,0.5858706974563099,0.0879510498829715,0.175902099765943,2,0,0.4728981549381255
Wood Sandpiper,2,0.46751725,0.053283736922455936,0.053283736922455936,0.10656747384491187,0.28100307437826433,0.5620061487565287,0.08289140289953797,0.16578280579907595,2,0,0.45543867491161677
European Bee-eater,1,0.81063586,0.2839232717594877,0.2839232717594877,0.2839232717594877,0.7287479807083314,0.7287479807083314,0.42883615466709296,0.42883615466709296,1,0,0.44482470894884363
European Pied Flycatcher,7,0.5354849071428571,0.4149071521125519,0.42440780983628495,2.9043500647878635,0.354966164211745,2.4847631494822147,0.41323674696217766,2.8926572287352434,4,0.5,-0.41958691530564884
Red-flanked Bluetail,1,0.75621206,0.22844207532840594,0.22844207532840594,0.22844207532840594,0.6447987661254424,0.6447987661254424,0.3487224906665305,0.3487224906665305,1,0,0.41635669079703647
Subalpine Warbler,1,0.7538783,0.22635250897394601,0.22635250897394601,0.22635250897394601,0.641273854297333,0.641273854297333,0.3456607595598772,0.3456607595598772,1,0,0.414921345323387
White-winged Crossbill,2,0.501636875,0.05266192029067238,0.05266192029067238,0.10532384058134477,0.2595065026744989,0.5190130053489977,0.08359026475831778,0.16718052951663556,2,0,0.413689164767653
Eurasian Coot,8,0.57677691625,0.366573089857507,0.26731957574648046,2.932584718860056,0.41408658986880287,3.312692718950423,0.3758945124220711,3.007156099376569,4,0.5,0.38010800009036716
Common Ringed Plover,1,0.692852,0.1780069450252524,0.1780069450252524,0.1780069450252524,0.5519602643172117,0.5519602643172117,0.2739773815407333,0.2739773815407333,1,0,0.3739533192919593
European Starling,1,0.68616617,0.173344643157604,0.173344643157604,0.173344643157604,0.5425435127663524,0.5425435127663524,0.2669809835483882,0.2669809835483882,1,0,0.36919886960874837
Ruff,1,0.6797722,0.16898674795839735,0.16898674795839735,0.16898674795839735,0.533611019292297,0.533611019292297,0.2604284221347095,0.2604284221347095,1,0,0.3646242713338997
Black-crowned Night-Heron,1,0.6443322,0.14647842017973298,0.14647842017973298,0.14647842017973298,0.48543978326803316,0.48543978326803316,0.22638748252420074,0.22638748252420074,1,0,0.33896136308830016
Golden Eagle,1,0.63454306,0.14071355935229368,0.14071355935229368,0.14071355935229368,0.4725446451965663,0.4725446451965663,0.21761630357753492,0.21761630357753492,1,0,0.3318310858442726
Bluethroat,1,0.62343526,0.1343898463694459,0.1343898463694459,0.1343898463694459,0.458132403566013,0.458132403566013,0.20797048691640743,0.20797048691640743,1,0,0.3237425571965671
Osprey,2,0.48757005,0.04060111267710011,0.04060111267710011,0.08120222535420021,0.1950102681560947,0.3900205363121894,0.06645069986472546,0.13290139972945092,2,0,0.3088183109579892
Lesser Whitethroat,14,0.5818175242857143,0.3922240342089,0.3452888034770596,5.4911364789246,0.41401472349739193,5.796206128963488,0.40092730997580917,5.612982339661328,4,0.5,0.3050696500388872
Common Scoter,1,0.5650934,0.10460477076018762,0.10460477076018762,0.10460477076018762,0.38633664223262093,0.38633664223262093,0.16220229259678282,0.16220229259678282,1,0,0.2817318714724333
White Stork,1,0.56373286,0.10397331270634666,0.10397331270634666,0.10397331270634666,0.3847411547986038,0.3847411547986038,0.1612261292003978,0.1612261292003978,1,0,0.28076784209225714
Mediterranean Flycatcher,1,0.67246586,0.12051820759705133,0.12051820759705133,0.12051820759705133,0.3800086065636982,0.3800086065636982,0.19547023564360486,0.19547023564360486,1,0,0.2594903989666469
Water Pipit,1,0.53318430000000006,0.09048276689878752,0.09048276689878752,0.09048276689878752,0.3498628684454493,0.3498628684454493,0.1403157452374905,0.1403157452374905,1,0,0.25938010154666175
Common Pochard,1,0.5284641,0.08851172308472631,0.08851172308472631,0.08851172308472631,0.3446346806931451,0.3446346806931451,0.13725196978489534,0.13725196978489534,1,0,0.2561229576084188
Rock Sparrow,1,0.5211301,0.0855071752773993,0.0855071752773993,0.0855071752773993,0.3365964974671043,0.3365964974671043,0.13257763545235668,0.13257763545235668,1,0,0.251089322189705
Western Orphean Warbler,1,0.5145341,0.08286425130617325,0.08286425130617325,0.08286425130617325,0.3294553862338891,0.3294553862338891,0.12846189642507316,0.12846189642507316,1,0,0.24659113492771584
Common Redshank,1,0.5139923,0.08264962487801931,0.08264962487801931,0.08264962487801931,0.3288725148819106,0.3288725148819106,0.12812750400222506,0.12812750400222506,1,0,0.2462228900038913
Great Black-backed Gull,3,0.5465683833333334,0.2852849666357945,0.3234067605267044,0.8558548999073834,0.3663209345502875,1.0989628036508625,0.29961454287822864,0.8988436286346858,3,0.3333333333333333,0.24310790374347913
Garden Warbler,1,0.54411656,0.6025704806270523,0.6025704806270523,0.6025704806270523,0.36213685363236175,0.36213685363236175,0.5667127592405298,0.5667127592405298,1,1,-0.24043362699469056
Twite,1,0.5022717,0.07809689666175985,0.07809689666175985,0.07809689666175985,0.3164006629306035,0.3164006629306035,0.12102867345279307,0.12102867345279307,1,0,0.23830376626884364
Black Tern,1,0.49915445,0.07691472069343157,0.07691472069343157,0.07691472069343157,0.31312764891132777,0.31312764891132777,0.11918366143854975,0.11918366143854975,1,0,0.2362129282178962
Mediterranean Gull,1,0.49727008,0.07620586684436702,0.07620586684436702,0.07620586684436702,0.31115806559599596,0.31115806559599596,0.11807703044824144,0.11807703044824144,1,0,0.23495219875162893
River Warbler,1,0.49184805,0.0741902868918676,0.0741902868918676,0.0741902868918676,0.3055283675736882,0.3055283675736882,0.11492907377647398,0.11492907377647398,1,0,0.23133808068182057
Pin-tailed Sandgrouse,1,0.4881342,0.07283013596452934,0.07283013596452934,0.07283013596452934,0.3017043370149696,0.3017043370149696,0.3204092472341686,0.3204092472341686,1,0,0.2288742010504403
Savi's Warbler,1,0.48778033,0.07270139622662315,0.07270139622662315,0.07270139622662315,0.30134132609146963,0.30134132609146963,0.11260247521189468,0.11260247521189468,1,0,0.2286399298648465
White-tailed Eagle,1,0.48502633,0.07170456895244771,0.07170456895244771,0.07170456895244771,0.29852424649723086,0.29852424649723086,0.11104422316949344,0.11104422316949344,1,0,0.22681967754478316
Greater Short-toed Lark,1,0.48060077,0.07012151031876457,0.07012151031876457,0.07012151031876457,0.2940271900771545,0.2940271900771545,0.10856864859848235,0.10856864859848235,1,0,0.22390567975838993
Mallard,1,0.46616498,0.065116350170483,0.065116350170483,0.065116350170483,0.27961286384486744,0.27961286384486744,0.1007345711743296,0.1007345711743296,1,0,0.21449651367438444
Yellow-legged Gull,1,0.46356636,0.06424076577107786,0.06424076577107786,0.06424076577107786,0.2770592970940022,0.2770592970940022,0.09936306874012565,0.09936306874012565,1,0,0.21281853132292433
Pink-footed Goose,4,0.5617471549999999,0.43834826314131947,0.46531755681311193,1.7533930525652779,0.3858846599724174,1.5435386398896696,0.4398062565134575,1.75922502605383,4,0.5,-0.20985441267560834
Eurasian Thick-knee,1,0.78177744,0.7448717096176963,0.7448717096176963,0.7448717096176963,0.5468591693579642,0.5468591693579642,0.7616352687897909,0.7616352687897909,1,1,-0.19801254025973214
Common Swift,2,0.696019615,0.4792838744143319,0.4792838744143319,0.9585677488286638,0.5727915684159414,1.1455831368318827,0.5155680837491872,1.0311361674983743,2,0.5,0.18701538800321893
Cetti's Warbler,1,0.738174,0.7592660118289686,0.7592660118289686,0.7592660118289686,0.6177481608852623,0.6177481608852623,0.7698641119997524,0.7698641119997524,1,1,-0.14151785094370628
Short-toed Treecreeper,44,0.5821219377272727,0.4203633341365729,0.3312095216501365,18.495986702009205,0.41722461473358696,18.357883048277824,0.42538000772451623,18.716720339878716,6,0.5,-0.13810365373138112
Common Tern,1,0.4552941,0.03916434545945671,0.03916434545945671,0.03916434545945671,0.17034485811421843,0.17034485811421843,0.06421761761371937,0.06421761761371937,1,0,0.13118051265476172
Great Crested Grebe,2,0.46879912999999995,0.3470050640296235,0.3470050640296235,0.694010128059247,0.2824986571061562,0.5649973142123124,0.33666004953010376,0.6733200990602075,2,0.5,-0.12901281384693464
Barnacle Goose,10,0.569843854,0.3915163870377842,0.3370851800459377,3.915163870377842,0.40346881720037914,4.034688172003792,0.39816536021313287,3.981653602131329,4,0.5,0.11952430162594974
Little Grebe,2,0.48014058000000004,0.3526044824864218,0.3526044824864218,0.7052089649728436,0.2940504326601666,0.5881008653203332,0.34444982497349247,0.6888996499469849,2,0.5,-0.11710809965251034
Aquatic Warbler,6,0.6184929016666667,0.4721949454783507,0.3782239393852475,2.8331696728701043,0.4659228446207539,2.7955370677245233,0.48076832560948907,2.884609953656934,4,0.5,-0.03763260514558109
Common House-Martin,4,0.601722575,0.45099155355520937,0.3527754192020067,1.8039662142208375,0.44554797689869685,1.7821919075947874,0.4577677395361942,1.8310709581447768,4,0.5,-0.021774306626050066
