q,q_label,comparison_level,weighting,n_comparisons,mean_signed_percent_error,mean_absolute_percent_error,maximum_absolute_percent_error,proportion_inside_fixed_mc_95
0,q = 0: Richness,Monthly,,23,0.028178632473042496,0.1502085160793662,0.5045839928792484,1
1,q = 1: Exponential Shannon,Monthly,,23,1.8440128880603477,1.8440128880603477,5.737074671262388,1
2,q = 2: Inverse Simpson,Monthly,,23,0.12240926020222077,0.1321026127286573,0.9799388183550972,1
0,q = 0: Richness,Partition,abundance_weighted,3,-0.06132046565742918,0.06132046565742918,0.090526710160721,1
1,q = 1: Exponential Shannon,Partition,abundance_weighted,3,0.08690558825089993,0.5495335245080021,0.8271263243746274,0.3333333333333333
2,q = 2: Inverse Simpson,Partition,abundance_weighted,3,0.0044728176877765575,0.020812656770311893,0.031179895896604748,1
0,q = 0: Richness,Partition,equal_month,3,-0.060400393086808744,0.06312885160609054,0.09476715687862791,1
1,q = 1: Exponential Shannon,Partition,equal_month,3,0.2774321987713361,1.243096093967148,1.8783111786487838,0.3333333333333333
2,q = 2: Inverse Simpson,Partition,equal_month,3,0.024837973466940166,0.09155166322273312,0.1372157999844692,1
