year_month,q,q_label,diversity_median,diversity_lower_95,diversity_upper_95,unique_audio_ids,represented_audio_hours,active_detection_days,active_detection_hours,first_recording,last_recording
2021-12,0,q = 0: Richness,25,20,29,454,37.833333333333336,10,88,2021-12-21T07:54:59Z,2021-12-31T23:59:10Z
2021-12,1,q = 1: Exponential Shannon,7.059398557668816,6.1112848949521075,8.008467746700806,454,37.833333333333336,10,88,2021-12-21T07:54:59Z,2021-12-31T23:59:10Z
2021-12,2,q = 2: Inverse Simpson,3.9988338334177023,3.589079604145683,4.452290089087324,454,37.833333333333336,10,88,2021-12-21T07:54:59Z,2021-12-31T23:59:10Z
2022-01,0,q = 0: Richness,40,34,47,1339,111.58333333333333,25,309,2022-01-01T00:04:14Z,2022-01-31T22:38:31Z
2022-01,1,q = 1: Exponential Shannon,7.9851185714953115,7.1268346772231315,8.858579823699339,1339,111.58333333333333,25,309,2022-01-01T00:04:14Z,2022-01-31T22:38:31Z
2022-01,2,q = 2: Inverse Simpson,4.1992537211900185,3.7890986559532047,4.593153740280675,1339,111.58333333333333,25,309,2022-01-01T00:04:14Z,2022-01-31T22:38:31Z
2022-02,0,q = 0: Richness,41,35,47,950,79.16666666666667,14,194,2022-02-01T04:22:51Z,2022-02-14T01:00:51Z
2022-02,1,q = 1: Exponential Shannon,11.083201796856123,9.868634869486943,12.291281807536818,950,79.16666666666667,14,194,2022-02-01T04:22:51Z,2022-02-14T01:00:51Z
2022-02,2,q = 2: Inverse Simpson,6.488619238578735,5.798002602297476,7.096395184509092,950,79.16666666666667,14,194,2022-02-01T04:22:51Z,2022-02-14T01:00:51Z
2022-08,0,q = 0: Richness,26,21,30,289,24.083333333333332,6,87,2022-08-26T12:47:20Z,2022-08-31T21:53:45Z
2022-08,1,q = 1: Exponential Shannon,11.871536686130174,10.304196939721136,13.279713036761105,289,24.083333333333332,6,87,2022-08-26T12:47:20Z,2022-08-31T21:53:45Z
2022-08,2,q = 2: Inverse Simpson,8.019888287769383,7.035507579120789,8.822128431693862,289,24.083333333333332,6,87,2022-08-26T12:47:20Z,2022-08-31T21:53:45Z
2022-09,0,q = 0: Richness,62,54,71,2632,219.33333333333334,30,517,2022-09-01T03:28:00Z,2022-09-30T21:35:41Z
2022-09,1,q = 1: Exponential Shannon,7.420327200632588,6.824397582421539,8.002684170585503,2632,219.33333333333334,30,517,2022-09-01T03:28:00Z,2022-09-30T21:35:41Z
2022-09,2,q = 2: Inverse Simpson,4.385360455360969,4.10561447536096,4.6598989731539815,2632,219.33333333333334,30,517,2022-09-01T03:28:00Z,2022-09-30T21:35:41Z
2022-10,0,q = 0: Richness,64,56,72,2593,216.08333333333334,31,517,2022-10-01T03:55:15Z,2022-10-31T23:22:29Z
2022-10,1,q = 1: Exponential Shannon,6.840491985935147,6.233752740727834,7.414779057904594,2593,216.08333333333334,31,517,2022-10-01T03:55:15Z,2022-10-31T23:22:29Z
2022-10,2,q = 2: Inverse Simpson,3.935468088596486,3.665698591569257,4.185194107399265,2593,216.08333333333334,31,517,2022-10-01T03:55:15Z,2022-10-31T23:22:29Z
2022-11,0,q = 0: Richness,50,43,57,2153,179.41666666666666,30,485,2022-11-01T00:12:52Z,2022-11-30T20:17:30Z
2022-11,1,q = 1: Exponential Shannon,6.589443304234722,5.947933610993967,7.247743575247615,2153,179.41666666666666,30,485,2022-11-01T00:12:52Z,2022-11-30T20:17:30Z
2022-11,2,q = 2: Inverse Simpson,3.2906193420765995,3.0038611049247246,3.5951673060268883,2153,179.41666666666666,30,485,2022-11-01T00:12:52Z,2022-11-30T20:17:30Z
2022-12,0,q = 0: Richness,40,33,46,822,68.5,23,218,2022-12-01T02:06:55Z,2022-12-31T02:44:08Z
2022-12,1,q = 1: Exponential Shannon,6.190843304014422,5.458773333729292,6.97667753532507,822,68.5,23,218,2022-12-01T02:06:55Z,2022-12-31T02:44:08Z
2022-12,2,q = 2: Inverse Simpson,3.076504008460872,2.752127777344277,3.3978380658486596,822,68.5,23,218,2022-12-01T02:06:55Z,2022-12-31T02:44:08Z
2023-01,0,q = 0: Richness,40,35,47,949,79.08333333333333,26,251,2023-01-01T11:18:30Z,2023-01-31T22:03:51Z
2023-01,1,q = 1: Exponential Shannon,6.391358954513024,5.698989665788652,7.089788255871321,949,79.08333333333333,26,251,2023-01-01T11:18:30Z,2023-01-31T22:03:51Z
2023-01,2,q = 2: Inverse Simpson,3.378237352675357,3.0761041702784224,3.67752918704849,949,79.08333333333333,26,251,2023-01-01T11:18:30Z,2023-01-31T22:03:51Z
2023-02,0,q = 0: Richness,60,53,67,2102,175.16666666666666,28,382,2023-02-01T03:22:56Z,2023-02-28T17:10:09Z
2023-02,1,q = 1: Exponential Shannon,6.133644619722686,5.556564041137566,6.708239055138694,2102,175.16666666666666,28,382,2023-02-01T03:22:56Z,2023-02-28T17:10:09Z
2023-02,2,q = 2: Inverse Simpson,3.2060250172482414,2.986637739638037,3.4468604429140886,2102,175.16666666666666,28,382,2023-02-01T03:22:56Z,2023-02-28T17:10:09Z
2023-03,0,q = 0: Richness,69,61,77,3136,261.3333333333333,31,475,2023-03-01T01:03:56Z,2023-03-31T22:12:46Z
2023-03,1,q = 1: Exponential Shannon,7.783458113816978,7.141753483026523,8.4031548883706,3136,261.3333333333333,31,475,2023-03-01T01:03:56Z,2023-03-31T22:12:46Z
2023-03,2,q = 2: Inverse Simpson,4.440713222313189,4.169815626952865,4.691355722404761,3136,261.3333333333333,31,475,2023-03-01T01:03:56Z,2023-03-31T22:12:46Z
2023-04,0,q = 0: Richness,82,74,92,3100,258.3333333333333,30,485,2023-04-01T00:23:49Z,2023-04-30T19:39:09Z
2023-04,1,q = 1: Exponential Shannon,11.893700018688644,10.896013423415283,12.825653040748108,3100,258.3333333333333,30,485,2023-04-01T00:23:49Z,2023-04-30T19:39:09Z
2023-04,2,q = 2: Inverse Simpson,6.9242353692752605,6.358121845965052,7.455292373796893,3100,258.3333333333333,30,485,2023-04-01T00:23:49Z,2023-04-30T19:39:09Z
2023-05,0,q = 0: Richness,80,70,89,4017,334.75,31,565,2023-05-01T03:44:36Z,2023-05-31T19:36:13Z
2023-05,1,q = 1: Exponential Shannon,10.109917411936156,9.346019697381646,10.88651280112465,4017,334.75,31,565,2023-05-01T03:44:36Z,2023-05-31T19:36:13Z
2023-05,2,q = 2: Inverse Simpson,5.9096174227906495,5.575000624972628,6.2165527517711645,4017,334.75,31,565,2023-05-01T03:44:36Z,2023-05-31T19:36:13Z
2023-06,0,q = 0: Richness,79,70,88,3850,320.8333333333333,30,563,2023-06-01T03:31:35Z,2023-06-30T23:35:34Z
2023-06,1,q = 1: Exponential Shannon,7.249416257343754,6.541442909004715,8.132310727466265,3850,320.8333333333333,30,563,2023-06-01T03:31:35Z,2023-06-30T23:35:34Z
2023-06,2,q = 2: Inverse Simpson,3.776591238540175,3.5025735687939346,4.188110750478752,3850,320.8333333333333,30,563,2023-06-01T03:31:35Z,2023-06-30T23:35:34Z
2023-07,0,q = 0: Richness,61,54,70,1416,118,31,454,2023-07-01T03:00:24Z,2023-07-31T23:03:38Z
2023-07,1,q = 1: Exponential Shannon,11.095320592102578,9.737985992804411,12.939832126197096,1416,118,31,454,2023-07-01T03:00:24Z,2023-07-31T23:03:38Z
2023-07,2,q = 2: Inverse Simpson,5.510201738584267,4.805326765966733,6.800983932955736,1416,118,31,454,2023-07-01T03:00:24Z,2023-07-31T23:03:38Z
2023-08,0,q = 0: Richness,20,16,25,156,13,6,75,2023-08-01T04:02:41Z,2023-08-06T23:57:40Z
2023-08,1,q = 1: Exponential Shannon,10.619145384701902,8.94719195235206,12.273443615964595,156,13,6,75,2023-08-01T04:02:41Z,2023-08-06T23:57:40Z
2023-08,2,q = 2: Inverse Simpson,7.35486751442681,6.210137482055555,8.393395826660338,156,13,6,75,2023-08-01T04:02:41Z,2023-08-06T23:57:40Z
2023-10,0,q = 0: Richness,35,30,40,501,41.75,15,191,2023-10-17T14:29:34Z,2023-10-31T18:35:02Z
2023-10,1,q = 1: Exponential Shannon,11.285193646725972,9.656628666269594,12.767977009954244,501,41.75,15,191,2023-10-17T14:29:34Z,2023-10-31T18:35:02Z
2023-10,2,q = 2: Inverse Simpson,6.2230845439930595,5.393570135790187,7.0189798889442585,501,41.75,15,191,2023-10-17T14:29:34Z,2023-10-31T18:35:02Z
2023-11,0,q = 0: Richness,36,30,41,379,31.583333333333332,23,197,2023-11-01T07:07:37Z,2023-11-29T18:08:43Z
2023-11,1,q = 1: Exponential Shannon,14.484418761965905,12.502070753981988,16.862418724895214,379,31.583333333333332,23,197,2023-11-01T07:07:37Z,2023-11-29T18:08:43Z
2023-11,2,q = 2: Inverse Simpson,8.618874485612,7.4005453427892185,10.10461945493617,379,31.583333333333332,23,197,2023-11-01T07:07:37Z,2023-11-29T18:08:43Z
2023-12,0,q = 0: Richness,26,22,31,188,15.666666666666666,22,103,2023-12-05T12:29:27Z,2023-12-31T23:58:33Z
2023-12,1,q = 1: Exponential Shannon,9.697121696143242,7.882320830542966,11.761324019136186,188,15.666666666666666,22,103,2023-12-05T12:29:27Z,2023-12-31T23:58:33Z
2023-12,2,q = 2: Inverse Simpson,4.591992206256946,3.811218546454862,5.718723016357551,188,15.666666666666666,22,103,2023-12-05T12:29:27Z,2023-12-31T23:58:33Z
2024-01,0,q = 0: Richness,26,22,30,278,23.166666666666668,20,117,2024-01-01T00:03:36Z,2024-01-31T22:14:05Z
2024-01,1,q = 1: Exponential Shannon,10.417251165997529,9.13255783802883,11.843549774861081,278,23.166666666666668,20,117,2024-01-01T00:03:36Z,2024-01-31T22:14:05Z
2024-01,2,q = 2: Inverse Simpson,6.465290449586066,5.6899736851790506,7.4126930385093655,278,23.166666666666668,20,117,2024-01-01T00:03:36Z,2024-01-31T22:14:05Z
2024-02,0,q = 0: Richness,47,40,54,1158,96.5,29,342,2024-02-01T04:43:45Z,2024-02-29T21:48:16Z
2024-02,1,q = 1: Exponential Shannon,8.58332950123917,7.654537845934463,9.831797539377344,1158,96.5,29,342,2024-02-01T04:43:45Z,2024-02-29T21:48:16Z
2024-02,2,q = 2: Inverse Simpson,4.087542633437041,3.6927997604232186,4.734422379805179,1158,96.5,29,342,2024-02-01T04:43:45Z,2024-02-29T21:48:16Z
2024-03,0,q = 0: Richness,66,58,74,2582,215.16666666666666,31,482,2024-03-01T04:44:34Z,2024-03-31T18:10:05Z
2024-03,1,q = 1: Exponential Shannon,9.97935271460506,9.218538511638544,10.878451053335775,2582,215.16666666666666,31,482,2024-03-01T04:44:34Z,2024-03-31T18:10:05Z
2024-03,2,q = 2: Inverse Simpson,6.122666221593212,5.679676419189503,6.712458876980535,2582,215.16666666666666,31,482,2024-03-01T04:44:34Z,2024-03-31T18:10:05Z
2024-04,0,q = 0: Richness,56,49,63,1715,142.91666666666666,17,287,2024-04-01T04:43:14Z,2024-04-17T12:48:05Z
2024-04,1,q = 1: Exponential Shannon,7.600025081616561,6.9434506817279935,8.371633002109517,1715,142.91666666666666,17,287,2024-04-01T04:43:14Z,2024-04-17T12:48:05Z
2024-04,2,q = 2: Inverse Simpson,4.631815206277359,4.350144228510964,4.975176481450267,1715,142.91666666666666,17,287,2024-04-01T04:43:14Z,2024-04-17T12:48:05Z
